{"100-100": {"max_test_accuracy": 0.47685185074806213, "average_test_accuracy": 0.4735939602057139}}