{"100-100-100-100-100-100-100-100-100-100-100-100-100-100-100": {"max_test_accuracy": 0.6080247163772583, "average_test_accuracy": 0.5829971160821407}}