{"100-100-100": {"max_test_accuracy": 0.6327160596847534, "average_test_accuracy": 0.62225651078754}}