{"100-100-100-100-100-100-100-100-100-100": {"max_test_accuracy": 0.6527777910232544, "average_test_accuracy": 0.6360775851568238}}