{"400-400-400-400-400-400-400": {"max_test_accuracy": 0.6712962985038757, "average_test_accuracy": 0.645338712976529}}