{"200-200-200-200-200-200-200": {"max_test_accuracy": 0.7520833611488342, "average_test_accuracy": 0.7006329166054726}}