{"100": {"max_test_accuracy": 0.4475308656692505, "average_test_accuracy": 0.44598764843410915}}