{"100": {"max_test_accuracy": 0.5409722328186035, "average_test_accuracy": 0.5260802408059438}}