{"100-100-100-100-100-100-100-100-100-100-100-100-100-100": {"max_test_accuracy": 0.6296296119689941, "average_test_accuracy": 0.606931745857372}}