{"100-100-100-100-100-100-100-100": {"max_test_accuracy": 0.7284722328186035, "average_test_accuracy": 0.678006806075573}}