{"100-100-100-100-100-100-100-100-100-100-100-100-100": {"max_test_accuracy": 0.6141975522041321, "average_test_accuracy": 0.5581148707081751}}