{"100-100-100-100-100-100": {"max_test_accuracy": 0.6311728358268738, "average_test_accuracy": 0.6135772192010692}}