{"100-100-100-100-100": {"max_test_accuracy": 0.6656249761581421, "average_test_accuracy": 0.6376907269999454}}