{"300-300-300-300-300-300-300": {"max_test_accuracy": 0.7607638835906982, "average_test_accuracy": 0.7125773346125205}}