{"100-100-100-100-100-100-100-100-100-100-100-100-100-100-100": {"average_test_accuracy": 0.6410775790555137, "max_test_accuracy": 0.6819444298744202}}