{"50-50-50-50-50-50-50": {"max_test_accuracy": 0.6157407164573669, "average_test_accuracy": 0.5884265379001029}}