{"100-100-100-100-100-100-100-100-100-100-100-100": {"average_test_accuracy": 0.6654539684568133, "max_test_accuracy": 0.7097222208976746}}