{"200-200-200-200-200-200-200": {"max_test_accuracy": 0.6265432238578796, "average_test_accuracy": 0.6143158022722188}}