{"100-100-100-100-100-100-100": {"max_test_accuracy": 0.7326388955116272, "average_test_accuracy": 0.6848342989025444}}