{"100-100-100-100-100-100-100-100-100-100": {"average_test_accuracy": 0.659043253821986, "max_test_accuracy": 0.7107638716697693}}