{"500-500-500-500-500-500-500": {"max_test_accuracy": 0.6635802388191223, "average_test_accuracy": 0.6374633807246968}}