{"100-100-100-100-100-100-100-100-100": {"max_test_accuracy": 0.6126543283462524, "average_test_accuracy": 0.5755658460436044}}