{"100-100-100-100-100-100-100-100-100-100-100": {"max_test_accuracy": 0.6435185074806213, "average_test_accuracy": 0.6049854532548576}}