{"10-10-10-10-10-10-10": {"max_test_accuracy": 0.5958333611488342, "average_test_accuracy": 0.58954475985633}}