{"100-100-100-100-100-100-100-100-100-100-100-100-100": {"average_test_accuracy": 0.6476398808785847, "max_test_accuracy": 0.6965277791023254}}