{"500-500-500-500-500-500-500": {"max_test_accuracy": 0.7840277552604675, "average_test_accuracy": 0.7328793578993241}}