{"100-100-100-100-100-100-100-100-100-100-100": {"average_test_accuracy": 0.6536359123757908, "max_test_accuracy": 0.7121527791023254}}