{"100-100-100-100-100-100-100-100-100": {"max_test_accuracy": 0.7131944298744202, "average_test_accuracy": 0.6751097917199135}}