{"50-50-50-50-50-50-50": {"max_test_accuracy": 0.6409721970558167, "average_test_accuracy": 0.6096261721152764}}