{"100-100-100": {"max_test_accuracy": 0.581944465637207, "average_test_accuracy": 0.5042075181708616}}