{"100-100-100-100-100-100": {"max_test_accuracy": 0.6663194298744202, "average_test_accuracy": 0.6228295740060854}}