{"400-400-400-400-400-400-400": {"max_test_accuracy": 0.7791666388511658, "average_test_accuracy": 0.7381780573177162}}