{"100-100-100-100": {"max_test_accuracy": 0.6170138716697693, "average_test_accuracy": 0.5694861125946045}}