{"100-100": {"max_test_accuracy": 0.6017361283302307, "average_test_accuracy": 0.599729941950904}}