{"1000-1000-1000-1000-1000-1000-1000": {"max_test_accuracy": 0.7847222089767456, "average_test_accuracy": 0.7361245588607561}}