{"100-100-100-100-100-100-100-100-100-100-100-100-100-100": {"average_test_accuracy": 0.648600694324289, "max_test_accuracy": 0.6982638835906982}}