{"100-100-100-100-100": {"max_test_accuracy": 0.6280864477157593, "average_test_accuracy": 0.5913945761950392}}