{"100-100-100-100-100-100-100": {"max_test_accuracy": 0.6203703880310059, "average_test_accuracy": 0.5951922301878065}}