{"300-300-300-300-300-300-300": {"max_test_accuracy": 0.654321014881134, "average_test_accuracy": 0.6352667407050652}}