{"12": {"f1_score": 89.46790554583161, "recall": 89.38775510204081, "testing_accuracy": 0.8938775658607483, "confusion_matrix": [[64, 0, 2, 0, 1, 1, 2], [0, 62, 6, 0, 0, 1, 1], [0, 3, 63, 2, 1, 0, 1], [1, 1, 5, 62, 0, 0, 1], [0, 0, 0, 0, 66, 4, 0], [2, 4, 2, 0, 0, 62, 0], [2, 4, 2, 3, 0, 0, 59]], "training_accuracy": 0.9579439163208008, "validation_accuracy": 0.8938775658607483, "n_epochs": 500, "rnn_size": 32, "precision": 89.74964493181035}}