{"12": {"rnn_size": 128, "f1_score": 94.26884840512436, "validation_accuracy": 0.9387755393981934, "training_accuracy": 0.9939919710159302, "precision": 94.3878011630443, "testing_accuracy": 0.9428571462631226, "n_epochs": 800, "confusion_matrix": [[68, 0, 0, 0, 1, 1, 0], [0, 67, 0, 2, 0, 0, 1], [1, 6, 60, 3, 0, 0, 0], [0, 0, 3, 67, 0, 0, 0], [0, 0, 0, 0, 70, 0, 0], [1, 1, 0, 0, 2, 65, 1], [0, 0, 2, 3, 0, 0, 65]], "recall": 94.28571428571428}}