{"12": {"rnn_size": 64, "f1_score": 89.16955877768467, "validation_accuracy": 0.8734694123268127, "training_accuracy": 0.9479305744171143, "recall": 89.18367346938776, "precision": 89.24605088514281, "n_epochs": 500, "testing_accuracy": 0.8918367624282837, "confusion_matrix": [[59, 0, 0, 0, 6, 4, 1], [0, 61, 7, 0, 0, 1, 1], [0, 3, 60, 3, 1, 0, 3], [1, 0, 2, 65, 0, 0, 2], [4, 0, 0, 1, 62, 3, 0], [0, 0, 2, 0, 2, 66, 0], [0, 4, 0, 1, 0, 1, 64]]}}