{"12": {"recall": 91.02040816326532, "rnn_size": 256, "testing_accuracy": 0.9102040529251099, "training_accuracy": 0.9566088318824768, "n_epochs": 800, "validation_accuracy": 0.8734694123268127, "precision": 91.01671739972132, "f1_score": 90.99807524734955, "confusion_matrix": [[62, 0, 0, 1, 4, 2, 1], [0, 62, 6, 0, 0, 1, 1], [1, 3, 59, 4, 2, 0, 1], [0, 1, 3, 64, 0, 0, 2], [3, 0, 0, 0, 65, 2, 0], [0, 3, 0, 0, 0, 67, 0], [0, 2, 0, 1, 0, 0, 67]]}}