{"12": {"confusion_matrix": [[43, 0, 5, 0, 18, 0, 4], [5, 25, 6, 0, 0, 30, 4], [0, 3, 57, 4, 5, 0, 1], [2, 5, 3, 41, 0, 0, 19], [9, 3, 8, 0, 46, 2, 2], [1, 2, 0, 0, 5, 52, 10], [0, 7, 1, 21, 0, 14, 27]], "testing_accuracy": 0.5938775539398193, "n_epochs": 250, "rnn_size": 512, "validation_accuracy": 0.6285714507102966, "precision": 59.44504692258271, "f1_score": 58.733704836897374, "recall": 59.38775510204082, "training_accuracy": 0.6101468801498413}}